attention_type,bs,q_lengths,kv_lengths,nh,nkv,hd,avg_duration,hardware,tc_bf16,xu_fp32,fma_fp32,num_sms,sm_freq,mem_bandwidth,l2_cache_bandwidth,shared_memory_bandwidth,tensor_all_ops,tensor_all_cycle,tensor_sm_max_ops,tensor_sm_max_cycle,xu_all_ops,xu_all_cycle,xu_sm_max_ops,xu_sm_max_cycle,global_in_flight,global_cycle,local_cycle,sm_max_in_flight,sm_max_global_cycle,sm_max_shared_cycle,sm_max_local_cycle,overall_perf,predicted,rel_error
fa3_paged,2,"[11,29]","[99,39]",16,2,128,131.44906666666668,NVIDIA H200,4096,16,128,132,1830,4916.7,10403,128,301989888,558.5454545454545,12582912,3072.0,630784,298.6666666666667,26112,1632.0,2176.0,772.3894933339435,365.0492571253485,80.0,3748.36077647355,640.0,1771.5625713436027,0.002321934290747,0.014038017,5.045807
fa2_paged,4,"[1,1,1,1]","[5,72,537,5121]",6,1,128,23.208533333333328,NVIDIA L40,512,16,128,142,2490,864.096,5647,128,148684800,2045.0704225352115,1081344,2112.0,5777200,2542.781690140845,42016,2626.0,5500.0,15114.720775450409,2312.833320910854,40.0,15609.384364465146,320.0,2388.5260477770275,0.0353884242019417,0.11599144,2.2776654
fa2_paged,1,[1],[129],4,1,64,30.639000000000003,NVIDIA A40,1024,16,128,84,1740,696.096,2430,128,9191424,106.85714285714286,540672,528.0,357136,265.7261904761905,21008,1313.0,306.0,729.4602368456991,208.9606391059028,18.0,3604.3917585316894,144.0,1032.5113932291667,0.0020043784414414,0.0063180067,2.152092
fa2_paged,1,[1],[160],6,1,128,31.353666666666665,NVIDIA A40,1024,16,128,84,1740,696.096,2430,128,10813440,125.71428571428572,540672,528.0,420160,312.6190476190476,21008,1313.0,400.0,953.5427932623516,273.1511622299383,20.0,4004.8797317018775,160.0,1147.2348813657409,0.0023043425912217,0.0071755736,2.1139262
fa2_ragged,1,[8],[225],5,1,128,30.255133333333337,NVIDIA A40,1024,16,128,84,1740,696.096,2430,128,8650752,100.57142857142856,4325376,4224.0,51328,38.19047619047619,25664,1604.0,96.0,228.8502703829644,65.55627893518518,48.0,9611.711356084506,384.0,2753.363715277778,0.0019104087546391,0.005891038,2.0836422
fa2_paged,2,"[1,1]","[1257,87]",64,4,128,21.7366,NVIDIA L40,512,16,128,142,2490,864.096,5647,128,147062784,2022.7605633802816,1081344,2112.0,5714176,2515.042253521127,42016,2626.0,5440.0,14949.832912445492,2287.602411955463,40.0,15609.384364465146,320.0,2388.5260477770275,0.0373726176086305,0.1151943,2.0823174
fa2_paged,1,[1],[177],7,1,128,32.38613333333333,NVIDIA A40,1024,16,128,84,1740,696.096,2430,128,12435456,144.57142857142858,540672,528.0,483184,359.5119047619048,21008,1313.0,460.0,1096.5742122517045,314.12383656442904,20.0,4004.8797317018775,160.0,1147.2348813657409,0.0025655124389022,0.0070324894,1.7411568
fa2_paged,8,"[1,1,1,1,1,1,1,1]","[10,285,633,1137,7233,16641,20097,10497]",32,4,128,175.59273333333334,NVIDIA L40,512,16,128,142,2490,864.096,5647,128,2041577472,28080.676056338027,15138816,29568.0,22057408,9708.3661971831,161824,10114.0,61552.0,169152.9623946406,25883.548467037257,456.0,177946.98175490266,3648.0,27229.19694465812,0.0642246391876377,0.1678931,1.6141539
fa2_paged,1,[1],[129],4,1,64,9.87946666666667,NVIDIA L40,512,16,128,142,2490,864.096,5647,128,9191424,126.4225352112676,540672,1056.0,357136,157.19014084507043,21008,1313.0,306.0,840.9281013250591,128.67763567249477,18.0,7024.2229640093165,144.0,1074.8367214996624,0.0051391541879269,0.012845329,1.4994996
fa2_paged,1,[1],[447],16,1,128,10.833066666666667,NVIDIA L40,512,16,128,142,2490,864.096,5647,128,30277632,416.4507042253521,540672,1056.0,1176448,517.8028169014085,21008,1313.0,1120.0,3077.9067760917187,470.9769671673012,20.0,7804.692182232573,160.0,1194.2630238885138,0.0154387749980333,0.037241407,1.4121987
fa2_paged,1,[1],[177],7,1,128,9.915533333333334,NVIDIA L40,512,16,128,142,2490,864.096,5647,128,12435456,171.04225352112675,540672,1056.0,483184,212.66901408450704,21008,1313.0,460.0,1264.1402830376703,193.4369686579987,20.0,7804.692182232573,160.0,1194.2630238885138,0.0069276826340597,0.016703153,1.4110718
fa3_paged,2,"[7,23]","[21,705]",40,8,128,71.3252142857143,NVIDIA H800,4096,16,128,132,1830,3352.32,8820,128,2264924160,4189.090909090909,50331648,12288.0,4648960,2201.212121212121,102912,6432.0,11200.0,5830.740737478074,2216.157459077381,224.0,15393.155546942116,1792.0,5850.655691964286,0.0320941302213333,0.07693193,1.3970714
fa3_paged,1,[94],[116],128,8,128,45.48307142857142,NVIDIA H800,4096,16,128,132,1830,3352.32,8820,128,1610612736,2978.909090909091,12582912,3072.0,3342336,1582.5454545454545,26112,1632.0,10240.0,5330.962959979954,2026.2011054421769,80.0,5497.555552479327,640.0,2089.519889987245,0.035789561351778,0.08533605,1.3843834
fa2_paged,1,[1],[207],4,1,128,9.836866666666667,NVIDIA L40,512,16,128,142,2490,864.096,5647,128,14057472,193.35211267605635,540672,1056.0,546208,240.4084507042253,21008,1313.0,520.0,1429.0281460425838,218.66787761338983,20.0,7804.692182232573,160.0,1194.2630238885138,0.0078939212561504,0.018737145,1.3736153
fa2_paged,8,"[1,1,1,1,1,1,1,1]","[1353,54,729,825,255,90,6849,17793]",32,8,128,160.78166666666667,NVIDIA L40,512,16,128,142,2490,864.096,5647,128,1911816192,26295.88732394366,15138816,29568.0,20885888,9192.732394366198,161824,10114.0,57696.0,158556.16906552482,24262.042051504115,456.0,177946.98175490266,3648.0,27229.19694465812,0.0656828451762921,0.1522927,1.3186069
fa2_paged,1,[1],[249],4,1,128,9.659533333333336,NVIDIA L40,512,16,128,142,2490,864.096,5647,128,17301504,237.9718309859155,540672,1056.0,672256,295.88732394366195,21008,1313.0,640.0,1758.803872052411,269.1296955241721,20.0,7804.692182232573,160.0,1194.2630238885138,0.009893957933807,0.022634258,1.2876837
fa2_paged,12,"[1,1,1,1,1,1,1,1,1,1,1,1]","[261,81,20,1233,267,12033,1809,351,6657,8001,13953,19713]",20,4,128,192.49846666666664,NVIDIA L40,512,16,128,142,2490,864.096,5647,128,2236219392,30757.85915492957,17301504,33792.0,23716288,10438.50704225352,180256,11266.0,67312.0,184982.19724311228,28305.7157267548,520.0,202921.9967380469,4160.0,31050.83862110136,0.0641696221865062,0.14661129,1.2847458
fa2_paged,1,[1],[160],6,1,128,9.2652,NVIDIA L40,512,16,128,142,2490,864.096,5647,128,10813440,148.73239436619718,540672,1056.0,420160,184.9295774647888,21008,1313.0,400.0,1099.2524200327566,168.20605970260758,20.0,7804.692182232573,160.0,1194.2630238885138,0.0064469072753561,0.014649743,1.2723657
fa2_paged,1,[1],[399],8,1,128,9.9884,NVIDIA L40,512,16,128,142,2490,864.096,5647,128,27033600,371.8309859154929,540672,1056.0,1050400,462.32394366197184,21008,1313.0,1000.0,2748.131050081892,420.5151492565189,20.0,7804.692182232573,160.0,1194.2630238885138,0.0149503136857828,0.033562116,1.2449098
fa2_paged,12,"[1,1,1,1,1,1,1,1,1,1,1,1]","[23,2048,435,224,47,321,16384,4096,672,1569,18561,18945]",8,4,128,185.7830666666667,NVIDIA L40,512,16,128,142,2490,864.096,5647,128,2203779072,30311.661971830985,17301504,33792.0,23439808,10316.81690140845,180256,11266.0,66352.0,182343.99143503368,27902.021183468543,520.0,202921.9967380469,4160.0,31050.83862110136,0.0655245843447099,0.14376326,1.1940353
fa2_paged,8,"[1,1,1,1,1,1,1,1]","[9,117,82,832,453,1353,5985,19329]",128,8,128,170.28993333333335,NVIDIA L40,512,16,128,142,2490,864.096,5647,128,1993998336,27426.25352112676,16220160,31680.0,21586304,9501.014084507042,171040,10690.0,60128.0,165239.623779324,25284.73489449597,488.0,190434.4892464748,3904.0,29140.01778287974,0.0646812141589042,0.14142998,1.1865693
fa2_paged,1,[1],[219],8,2,64,9.909333333333336,NVIDIA L40,512,16,128,142,2490,864.096,5647,128,30277632,416.4507042253521,540672,1056.0,1176448,517.8028169014085,21008,1313.0,1008.0,2770.1160984825474,423.8792704505712,18.0,7024.2229640093165,144.0,1074.8367214996624,0.01687795466954,0.03681507,1.1812512
fa2_paged,1,[1],[411],8,2,128,10.009666666666666,NVIDIA L40,512,16,128,142,2490,864.096,5647,128,56229888,773.4084507042254,540672,1056.0,2184832,961.6338028169014,21008,1313.0,2080.0,5716.112584170335,874.6715104535594,20.0,7804.692182232573,160.0,1194.2630238885138,0.0310305841182529,0.067186005,1.165154
fa2_paged,8,"[1,1,1,1,1,1,1,1]","[255,127,1569,7425,13569,6177,672,921]",64,8,128,184.2014,NVIDIA L40,512,16,128,142,2490,864.096,5647,128,2184314880,30043.94366197184,17301504,33792.0,23208320,10214.929577464787,180256,11266.0,65760.0,180717.0978533852,27653.07621510869,520.0,202921.9967380469,4160.0,31050.83862110136,0.0655035240128529,0.14158557,1.1614954
fa2_ragged,1,[315],[1353],16,4,64,54.9136,NVIDIA RTX 6000 Ada Generation,1024,16,128,142,2505,960.0,6326,128,2171338752,14932.732394366198,17301504,16896.0,9051648,3984.0,69888,4368.0,12320.0,30658.24508666992,4652.531660322973,96.0,33923.14910888672,768.0,5147.996070902821,0.1085554510451591,0.23348182,1.1508069
fa2_paged,2,"[1,1]","[80,297]",4,1,128,9.514666666666669,NVIDIA L40,512,16,128,142,2490,864.096,5647,128,25952256,356.9577464788732,540672,1056.0,1008384,443.8309859154929,21008,1313.0,960.0,2638.2058080786164,403.6945432862582,20.0,7804.692182232573,160.0,1194.2630238885138,0.0150668993158257,0.032351803,1.1472096
fa2_ragged,2,"[33,51]","[288,97]",2,1,128,32.19853333333334,NVIDIA A40,1024,16,128,84,1740,696.096,2430,128,28114944,326.85714285714283,8650752,8448.0,125952,93.71428571428572,34944,2184.0,232.0,553.054820092164,158.4276740933642,64.0,12815.61514144601,512.0,3671.1516203703695,0.0058340835196381,0.01251588,1.1453016
fa2_paged,1,[1],[207],4,1,128,30.44933333333333,NVIDIA A40,1024,16,128,84,1740,696.096,2430,128,14057472,163.42857142857142,540672,528.0,546208,406.4047619047619,21008,1313.0,520.0,1239.6056312410572,355.09651089891975,20.0,4004.8797317018775,160.0,1147.2348813657409,0.003084614868577,0.0066144285,1.144325
fa2_paged,2,"[1,1]","[28,405]",8,2,128,10.009666666666666,NVIDIA L40,512,16,128,142,2490,864.096,5647,128,59473920,818.0281690140845,540672,1056.0,2310880,1017.112676056338,21008,1313.0,2200.0,6045.888310180162,925.1333283643418,20.0,7804.692182232573,160.0,1194.2630238885138,0.0328208101250752,0.07032729,1.1427648
fa2_paged,4,"[1,1,1,1]","[54,23,40,213]",5,1,128,9.3908,NVIDIA L40,512,16,128,142,2490,864.096,5647,128,22708224,312.3380281690141,540672,1056.0,882336,388.3521126760563,21008,1313.0,840.0,2308.430082068789,353.2327253754759,20.0,7804.692182232573,160.0,1194.2630238885138,0.0133574305814224,0.02856645,1.1386178
fa2_paged,12,"[1,1,1,1,1,1,1,1,1,1,1,1]","[19,30,39,384,3201,114,465,753,16257,7329,20481,19329]",12,4,128,202.7555333333333,NVIDIA L40,512,16,128,142,2490,864.096,5647,128,2350841856,32334.422535211263,18382848,35904.0,24693184,10868.478873239435,189472,11842.0,70704.0,194303.8577649901,29732.10311303292,552.0,215409.50422961905,4416.0,32961.65945932298,0.0640461527635939,0.13654594,1.1319928
fa2_ragged,2,"[21,37]","[43,153]",7,1,64,30.4514,NVIDIA A40,1024,16,128,84,1740,696.096,2430,128,23789568,276.57142857142856,4325376,4224.0,182784,136.0,25728,1608.0,216.0,514.91310836167,147.50162760416669,32.0,6407.807570723005,256.0,1835.5758101851848,0.0052197631925012,0.011100102,1.1265508
fa2_paged,12,"[1,1,1,1,1,1,1,1,1,1,1,1]","[753,85,74,165,86,80,101,1641,849,777,1113,3105]",128,8,128,32.15586666666666,NVIDIA L40,512,16,128,142,2490,864.096,5647,128,640155648,8804.957746478873,5406720,10560.0,10047872,4422.478873239436,78880,4930.0,20064.0,55138.50138884309,8437.215954682795,168.0,65559.41433075361,1344.0,10031.809400663516,0.1099683502759784,0.23321684,1.1207632
fa2_paged,1,[1],[177],4,2,128,9.361,NVIDIA L40,512,16,128,142,2490,864.096,5647,128,24870912,342.0845070422535,540672,1056.0,966368,425.3380281690141,21008,1313.0,920.0,2528.2805660753406,386.8739373159974,20.0,7804.692182232573,160.0,1194.2630238885138,0.0146761388913094,0.031118436,1.1203414
fa2_paged,1,[1],[369],8,2,128,9.606333333333334,NVIDIA L40,512,16,128,142,2490,864.096,5647,128,50823168,699.0422535211268,540672,1056.0,1974752,869.169014084507,21008,1313.0,1880.0,5166.4863741539575,790.5684806022556,20.0,7804.692182232573,160.0,1194.2630238885138,0.0292244554826876,0.061704185,1.1113883
fa2_paged,1,[1],[825],4,1,128,9.757733333333334,NVIDIA L40,512,16,128,142,2490,864.096,5647,128,56229888,773.4084507042254,540672,1056.0,2184832,961.6338028169014,21008,1313.0,2080.0,5716.112584170335,874.6715104535594,20.0,7804.692182232573,160.0,1194.2630238885138,0.0318317577335931,0.067186005,1.1106594
fa2_paged,12,"[1,1,1,1,1,1,1,1,1,1,1,1]","[243,159,10497,126,288,459,6561,12033,1536,8577,7617,18432]",64,4,128,200.7563333333333,NVIDIA L40,512,16,128,142,2490,864.096,5647,128,2337865728,32155.94366197184,18382848,35904.0,24582592,10819.802816901409,189472,11842.0,70320.0,193248.57544175864,29570.62529571841,552.0,215409.50422961905,4416.0,32961.65945932298,0.0643269050832044,0.13540484,1.1049486
fa2_paged,12,"[1,1,1,1,1,1,1,1,1,1,1,1]","[25,249,6177,14337,11265,159,14721,3393,2721,1473,4353,7905]",20,4,128,197.84433333333337,NVIDIA L40,512,16,128,142,2490,864.096,5647,128,2383282176,32780.619718309856,18382848,35904.0,24969664,10990.169014084508,189472,11842.0,71664.0,196942.0635730687,30135.797656319173,552.0,215409.50422961905,4416.0,32961.65945932298,0.0665417467136293,0.13996461,1.1034104
fa2_paged,12,"[1,1,1,1,1,1,1,1,1,1,1,1]","[38,21,81,1545,3297,51,1713,14721,1857,14721,333,16384]",8,4,128,143.90246666666664,NVIDIA L40,512,16,128,142,2490,864.096,5647,128,1931280384,26563.605633802817,15138816,29568.0,21117376,9294.61971830986,161824,10114.0,58288.0,160183.06264717333,24510.987019863976,456.0,177946.98175490266,3648.0,27229.19694465812,0.0741343422353006,0.1548382,1.0886163
fa2_paged,2,"[1,1]","[201,102]",7,1,64,9.107266666666668,NVIDIA L40,512,16,128,142,2490,864.096,5647,128,21086208,290.0281690140845,540672,1056.0,819312,360.6126760563381,21008,1313.0,702.0,1929.187997157488,295.2016347780763,18.0,7024.2229640093165,144.0,1074.8367214996624,0.0127894768621625,0.026698884,1.0875657
fa2_ragged,12,"[17,27,66,94,111,119,119,147,147,417,459,777]","[213,36,1905,327,3873,20097,393,189,1425,1233,1329,8961]",10,2,128,2256.827,NVIDIA L20,516,16,128,92,2520,864.096,4011,128,59889156096,1261568.0,1440350208,2791376.372093024,131006208,88998.78260869565,3107328,194208.0,228128.0,634478.9611592635,136686.79442081152,5408.0,1383767.5533881653,43264.0,298107.2071335078,0.2218256969728836,0.4623003,1.08407
fa2_paged,1,[1],[231],10,2,128,9.382466666666668,NVIDIA L40,512,16,128,142,2490,864.096,5647,128,31358976,431.32394366197184,540672,1056.0,1218464,536.2957746478874,21008,1313.0,1160.0,3187.8320180949945,487.7975731375619,20.0,7804.692182232573,160.0,1194.2630238885138,0.0184623589390983,0.038476653,1.084059
fa2_ragged,2,"[70,512]","[12033,896]",64,8,128,1392.2293333333334,NVIDIA RTX 6000 Ada Generation,1024,16,128,142,2505,960.0,6326,128,43859312640,301629.2957746479,973209600,950400.0,98337792,43282.47887323944,2139648,133728.0,171712.0,427304.2678833008,64845.41529686512,3728.0,1317348.9570617678,29824.0,199913.8474200596,0.0864878318779081,0.179963,1.0807897
fa3_paged,4,"[17,24,34,327]","[19,26,447,633]",28,4,128,64.21266666666665,NVIDIA H800,4096,16,128,132,1830,3352.32,8820,128,4404019200,8145.454545454545,50331648,12288.0,9046016,4283.151515151515,103424,6464.0,22176.0,11544.866660206588,4387.991768973214,256.0,17592.17776793385,2048.0,6686.4636479591845,0.0693176017861289,0.14413437,1.0793328
fa2_paged,12,"[9,13,27,30,41,47,47,49,261,513,681,1305]","[26,48,36,71,333,107,81,207,9345,19713,1497,1545]",12,4,128,1399.6735333333334,NVIDIA A100-SXM4-80GB,2048,16,64,108,1410,2039.04,3235,128,99933487104,451811.5555555556,1466302464,715968.0,111614976,64592.0,1628160,101760.0,379648.0,250365.5500106668,157806.91533037095,5552.0,395427.3159221068,44416.0,249240.22079066848,0.2289346191902695,0.47216713,1.062454
fa2_paged,6,"[1,1,1,1,1,1]","[63,17,249,48,63,88]",128,8,128,14.647466666666668,NVIDIA L40,512,16,128,142,2490,864.096,5647,128,151388160,2082.2535211267605,1081344,2112.0,5882240,2589.0140845070423,42016,2626.0,5600.0,15389.533880458595,2354.884835836506,40.0,15609.384364465146,320.0,2388.5260477770275,0.0570915376056026,0.11732893,1.0551016
fa2_paged,2,"[1,1]","[375,201]",7,1,128,9.271666666666668,NVIDIA L40,512,16,128,142,2490,864.096,5647,128,39469056,542.8732394366198,540672,1056.0,1533584,674.9929577464789,21008,1313.0,1460.0,4012.271333119562,613.9521179145177,20.0,7804.692182232573,160.0,1194.2630238885138,0.0235147993492555,0.04822459,1.0508183
fa2_ragged,8,"[21,36,46,53,77,110,1113,1953]","[33,128,108,72,13569,705,1161,2817]",32,8,64,1243.8779333333334,NVIDIA RTX A6000,1024,16,128,84,1800,768.0,2700,128,49845633024,579492.5714285715,934281216,912384.0,120867840,89931.42857142857,2155776,134736.0,198592.0,443887.710571289,126261.39322916666,3616.0,678920.7458496094,28928.0,193115.234375,0.2588198639376008,0.53040594,1.0493246
fa3_paged,1,[80],[736],8,2,128,61.14306666666666,NVIDIA H100,4096,16,128,132,1830,3352.32,8820,128,402653184,744.7272727272727,50331648,12288.0,823296,389.8181818181818,102912,6432.0,1792.0,932.918517996492,354.58519345238096,224.0,15393.155546942116,1792.0,5850.655691964286,0.0066557798950228,0.013626115,1.0472591
fa2_paged,4,"[1,1,1,1]","[86,64,88,237]",3,1,128,9.230999999999998,NVIDIA L40,512,16,128,142,2490,864.096,5647,128,32440320,446.1971830985916,540672,1056.0,1260480,554.7887323943662,21008,1313.0,1200.0,3297.7572600982703,504.6181791078228,20.0,7804.692182232573,160.0,1194.2630238885138,0.0194123774090443,0.03971022,1.0456129
fa2_ragged,12,"[17,27,66,94,111,119,119,147,147,417,459,777]","[213,36,1905,327,3873,20097,393,189,1425,1233,1329,8961]",10,2,128,1791.5751333333333,NVIDIA A40,1024,16,128,84,1740,696.096,2430,128,59889156096,696256.0,1433862144,1400256.0,131006208,97474.85714285714,3088128,193008.0,228128.0,543824.5258533844,155783.5708429784,5368.0,1074909.7199887838,42944.0,307917.84215856483,0.2233493415887525,0.45662874,1.0444596
fa2_paged,2,"[1,1]","[213,189]",16,1,128,9.100866666666665,NVIDIA L40,512,16,128,142,2490,864.096,5647,128,27574272,379.2676056338028,540672,1056.0,1071408,471.57042253521126,21008,1313.0,1020.0,2803.09367108353,428.9254522416493,20.0,7804.692182232573,160.0,1194.2630238885138,0.016736461818668,0.03417119,1.0417206
fa2_paged,2,"[1,1]","[160,129]",8,2,64,9.5704,NVIDIA L40,512,16,128,142,2490,864.096,5647,128,40009728,550.3098591549295,540672,1056.0,1554592,684.2394366197183,21008,1313.0,1332.0,3660.51055870908,560.1261788096833,18.0,7024.2229640093165,144.0,1074.8367214996624,0.0230928671282526,0.0470396,1.0369748
fa2_paged,2,"[1,1]","[288,97]",2,1,128,9.0454,NVIDIA L40,512,16,128,142,2490,864.096,5647,128,26492928,364.3943661971831,540672,1056.0,1029392,453.0774647887324,21008,1313.0,980.0,2693.168429080254,412.10484627138857,20.0,7804.692182232573,160.0,1194.2630238885138,0.0161787338265518,0.032951545,1.036719
fa2_paged,2,"[1,1]","[303,273]",7,1,128,9.205333333333336,NVIDIA L40,512,16,128,142,2490,864.096,5647,128,39469056,542.8732394366198,540672,1056.0,1533584,674.9929577464789,21008,1313.0,1460.0,4012.271333119562,613.9521179145177,20.0,7804.692182232573,160.0,1194.2630238885138,0.0236842462304295,0.04822459,1.0361459
fa2_paged,16,"[1,1,1,1,1,1,1,1,1,1,1,1,1,1,1,1]","[82,79,375,177,20097,1641,117,3105,249,12033,345,1305,993,8097,2337,4449]",64,4,128,156.73020000000002,NVIDIA L40,512,16,128,142,2490,864.096,5647,128,2004811776,27574.98591549296,16220160,31680.0,21744064,9570.450704225352,171040,10690.0,60464.0,166162.99581215152,25426.027984646164,488.0,190434.4892464748,3904.0,29140.01778287974,0.070658313026631,0.14299159,1.023705
fa2_paged,1,[1],[279],6,2,128,9.1088,NVIDIA L40,512,16,128,142,2490,864.096,5647,128,37847040,520.5633802816901,540672,1056.0,1470560,647.2535211267606,21008,1313.0,1400.0,3847.383470114649,588.7212089591266,20.0,7804.692182232573,160.0,1194.2630238885138,0.0229516070730176,0.046226475,1.0140841
fa2_paged,4,"[1,1,1,1]","[288,201,81,384]",4,1,128,9.365733333333337,NVIDIA L40,512,16,128,142,2490,864.096,5647,128,65421312,899.830985915493,540672,1056.0,2541968,1118.8239436619715,21008,1313.0,2420.0,6650.477141198178,1017.6466612007758,20.0,7804.692182232573,160.0,1194.2630238885138,0.0385851158823823,0.07770749,1.0139238
fa2_paged,2,"[1,1]","[78,231]",14,2,128,9.096666666666666,NVIDIA L40,512,16,128,142,2490,864.096,5647,128,42172416,580.056338028169,540672,1056.0,1638624,721.2253521126761,21008,1313.0,1560.0,4287.084438127751,656.0036328401695,20.0,7804.692182232573,160.0,1194.2630238885138,0.0256087599071185,0.051535875,1.0124311
fa2_ragged,8,"[6,7,12,22,58,267,1137,1377]","[31,7,32,53,6945,363,1809,3105]",4,1,64,121.33880000000002,NVIDIA RTX 6000 Ada Generation,1024,16,128,142,2505,960.0,6326,128,6087966720,41868.16901408451,64880640,63360.0,16901376,7438.985915492958,171264,10704.0,26328.0,65517.06790924072,9942.520580599286,272.0,96115.5891418457,2176.0,14585.988867557991,0.1377452218563414,0.27694106,1.0105312
fa3_paged,1,[90],[96],8,1,128,43.854400000000005,NVIDIA H100,4096,16,128,132,1830,3352.32,8820,128,50331648,93.0909090909091,6291456,1536.0,106496,50.42424242424242,13312,832.0,448.0,233.229629499123,88.64629836309524,56.0,3848.2888867355286,448.0,1462.6639229910716,0.0011599599864552,0.0023299751,1.00866
fa2_ragged,1,[40],[219],8,2,64,31.010466666666662,NVIDIA A40,1024,16,128,84,1740,696.096,2430,128,34603008,402.2857142857143,4325376,4224.0,205824,153.14285714285714,25728,1608.0,256.0,610.267387687905,174.81674382716048,32.0,6407.807570723005,256.0,1835.5758101851848,0.0074555049060134,0.014973477,1.0083774
fa2_paged,2,"[1,1]","[25,501]",6,2,128,9.454866666666668,NVIDIA L40,512,16,128,142,2490,864.096,5647,128,72450048,996.5070422535211,540672,1056.0,2815072,1239.0281690140846,21008,1313.0,2680.0,7364.991214219471,1126.980600007471,20.0,7804.692182232573,160.0,1194.2630238885138,0.0423277921874925,0.08500661,1.0082928
fa2_paged,4,"[1,1,1,1]","[120,88,128,213]",16,1,128,9.079466666666669,NVIDIA L40,512,16,128,142,2490,864.096,5647,128,37306368,513.1267605633802,540672,1056.0,1449552,638.0070422535211,21008,1313.0,1380.0,3792.420849113011,580.3109059739961,20.0,7804.692182232573,160.0,1194.2630238885138,0.0226968181951569,0.04555211,1.0069818
fa2_ragged,6,"[19,46,51,70,177,2241]","[41,2048,2048,165,381,4929]",4,1,64,168.29953333333333,NVIDIA RTX 6000 Ada Generation,1024,16,128,142,2505,960.0,6326,128,9758048256,67108.05633802817,112459776,109824.0,24308352,10699.098591549297,272640,17040.0,39504.0,98305.46379089355,14918.312557581065,448.0,158308.0291748047,3584.0,24023.981664213166,0.1591783572902391,0.31917942,1.0051683
fa2_paged,12,"[1,1,1,1,1,1,1,1,1,1,1,1]","[7,12,43,45,12417,5121,13569,4545,6561,2817,873,7521]",8,4,128,137.9221333333333,NVIDIA L40,512,16,128,142,2490,864.096,5647,128,1918304256,26385.12676056338,15138816,29568.0,21006784,9245.94366197183,161824,10114.0,57904.0,159127.78032394187,24349.50920254947,456.0,177946.98175490266,3648.0,27229.19694465812,0.0768291223020437,0.15357034,0.99885577
fa2_paged,8,"[5,35,80,99,195,339,585,897]","[279,832,1881,159,249,18945,1473,1593]",20,4,128,2171.7204,NVIDIA L40,512,16,128,142,2490,864.096,5647,128,93350264832,1283977.014084507,1364656128,2665344.0,204976128,90218.3661971831,2940672,183792.0,357088.0,981324.6204116428,150160.91361771183,5112.0,1994879.321778646,40896.0,305253.62890590413,0.2374400587253529,0.4745259,0.99850804
fa2_paged,6,"[1,1,1,1,1,1]","[70,225,72,112,119,100]",4,1,64,9.393266666666666,NVIDIA L40,512,16,128,142,2490,864.096,5647,128,48119808,661.8591549295775,540672,1056.0,1869712,822.9366197183099,21008,1313.0,1602.0,4402.505942231191,673.6652691089434,18.0,7024.2229640093165,144.0,1074.8367214996624,0.0282975985844417,0.05652481,0.9975122
fa2_paged,12,"[9,13,27,30,41,47,47,49,261,513,681,1305]","[26,48,36,71,333,107,81,207,9345,19713,1497,1545]",12,4,128,2231.8908666666666,NVIDIA L40,512,16,128,142,2490,864.096,5647,128,99526901760,1368932.957746479,1410072576,2754048.0,217211904,95603.8309859155,3037440,189840.0,378144.0,1039189.267802167,159015.2806004571,5280.0,2060438.7361093992,42240.0,315285.4383065676,0.2463257860848846,0.49160665,0.9957579
fa2_paged,2,"[1,1]","[141,608]",4,1,64,9.422733333333332,NVIDIA L40,512,16,128,142,2490,864.096,5647,128,50823168,699.0422535211268,540672,1056.0,1974752,869.169014084507,21008,1313.0,1692.0,4649.837736738561,711.5116325420302,18.0,7024.2229640093165,144.0,1074.8367214996624,0.0297938879219608,0.059449762,0.99536735
fa2_paged,12,"[1,1,1,1,1,1,1,1,1,1,1,1]","[417,29,13,2913,75,159,1233,411,315,1017,15873,5985]",40,8,128,167.95526666666666,NVIDIA L40,512,16,128,142,2490,864.096,5647,128,1959395328,26950.309859154928,17301504,33792.0,21291392,9371.211267605631,180256,11266.0,59104.0,162425.53758404017,24854.12738165729,520.0,202921.9967380469,4160.0,31050.83862110136,0.0644422638773168,0.12831604,0.99117833
fa2_paged,6,"[18,21,27,51,111,399]","[2304,273,99,19713,1024,3585]",64,4,128,1617.806133333333,NVIDIA RTX 6000 Ada Generation,1024,16,128,142,2505,960.0,6326,128,89319014400,614264.7887323943,1563623424,1526976.0,195660288,86118.08450704225,3364608,210288.0,340768.0,847999.0959167479,128687.8172747515,5848.0,2066485.1665496824,46784.0,313598.7606524969,0.1515728488546814,0.300537,0.9827889
fa2_paged,2,"[1,1]","[74,705]",4,1,128,9.077333333333335,NVIDIA L40,512,16,128,142,2490,864.096,5647,128,53526528,736.2253521126761,540672,1056.0,2079792,915.4014084507044,21008,1313.0,1980.0,5441.299479162147,832.6199955279076,20.0,7804.692182232573,160.0,1194.2630238885138,0.0325726533681439,0.064499505,0.9801732
fa2_ragged,12,"[9,16,23,25,49,58,78,96,103,544,897,1929]","[25,24,57,147,84,849,477,121,255,609,1152,16641]",4,2,128,1789.0906666666665,NVIDIA L20,516,16,128,92,2520,864.096,4011,128,68410146816,1441063.0859453997,1170014208,2267469.395348837,147972864,100525.04347826086,2525952,157872.0,257344.0,715735.700048085,154192.0607002618,4392.0,1123799.3887723414,35136.0,242101.85904777487,0.3196318898673558,0.6318077,0.97667277
fa2_ragged,16,"[6,9,10,13,15,17,34,38,103,126,127,147,231,237,429,705]","[40,79,3681,6657,177,34,2337,41,441,921,11649,1353,1449,576,512,832]",4,1,64,85.85986666666666,NVIDIA RTX 6000 Ada Generation,1024,16,128,142,2505,960.0,6326,128,3765239808,25894.309859154928,34603008,33792.0,12150528,5347.943661971831,106752,6672.0,17928.0,44613.71898651123,6770.339903106352,160.0,56538.58184814453,1280.0,8579.993451504703,0.1203944315928826,0.23785771,0.9756537
fa2_paged,1,[37],[177],7,1,128,14.786066666666668,NVIDIA L40,512,16,128,142,2490,864.096,5647,128,142737408,1963.2676056338028,2162688,4224.0,1393920,613.5211267605633,21120,1320.0,2640.0,7255.065972216195,1110.15999403721,40.0,15609.384364465146,320.0,2388.5260477770275,0.0533245861507032,0.105282485,0.9743702
fa2_paged,2,"[1,1]","[89,576]",8,1,128,8.898133333333332,NVIDIA L40,512,16,128,142,2490,864.096,5647,128,45416448,624.6760563380282,540672,1056.0,1764672,776.7042253521126,21008,1313.0,1680.0,4616.860164137579,706.4654507509518,20.0,7804.692182232573,160.0,1194.2630238885138,0.0281939940445985,0.055644277,0.97362137
fa2_paged,6,"[1,1,1,1,1,1]","[777,171,9729,501,7617,17025]",8,2,64,26.050666666666665,NVIDIA H800,4096,16,128,132,1830,3352.32,8820,128,428212224,792.0,3244032,792.0,5546112,2626.0,42016,2626.0,13200.0,6871.944440599159,2611.8998624840565,100.0,6871.944440599159,800.0,2611.8998624840565,0.0166132748456559,0.032782353,0.973262
fa2_paged,2,"[35,89]","[320,183]",64,4,128,37.124,NVIDIA L40,512,16,128,142,2490,864.096,5647,128,994836480,13683.38028169014,8650752,16896.0,6148608,2706.2535211267605,51456,3216.0,11488.0,31570.52950334078,4830.87803465889,96.0,37462.52247471635,768.0,5732.462514664867,0.1480264369804413,0.29167983,0.9704576
fa2_ragged,1,[24],[960],4,1,64,29.932733333333328,NVIDIA A40,1024,16,128,84,1740,696.096,2430,128,32440320,377.1428571428572,4325376,4224.0,201216,149.71428571428572,25728,1608.0,248.0,591.196531822658,169.35372058256175,32.0,6407.807570723005,256.0,1835.5758101851848,0.0072411953181547,0.014241539,0.96673733
fa2_paged,16,"[1,1,1,1,1,1,1,1,1,1,1,1,1,1,1,1]","[9345,17409,96,85,98,117,111,88,672,297,369,6177,1953,1329,6177,8961]",64,4,128,136.18073333333334,NVIDIA L40,512,16,128,142,2490,864.096,5647,128,1838284800,25284.50704225352,15138816,29568.0,20259200,8916.901408450703,161824,10114.0,55520.0,152576.23590054663,23347.00108672193,456.0,177946.98175490266,3648.0,27229.19694465812,0.0745657645567361,0.14615284,0.96005267
fa2_paged,2,"[1,1]","[106,960]",2,1,128,9.2204,NVIDIA L40,512,16,128,142,2490,864.096,5647,128,72450048,996.5070422535211,540672,1056.0,2815072,1239.0281690140846,21008,1313.0,2680.0,7364.991214219471,1126.980600007471,20.0,7804.692182232573,160.0,1194.2630238885138,0.0434041507339287,0.08500661,0.9584901
fa2_paged,2,"[1,1]","[72,495]",32,2,128,9.296866666666666,NVIDIA L40,512,16,128,142,2490,864.096,5647,128,76775424,1056.0,540672,1056.0,2983136,1313.0,21008,1313.0,2840.0,7804.692182232573,1194.2630238885138,20.0,7804.692182232573,160.0,1194.2630238885138,0.0456171310988829,0.08923536,0.9561807
fa2_paged,16,"[9,10,14,19,22,27,65,67,70,100,103,106,112,512,768,1641]","[12288,261,18,261,108,44,4545,225,267,6753,18432,2025,480,1185,6657,1881]",8,2,128,1579.039266666667,NVIDIA A100-SXM4-80GB,2048,16,64,108,1410,2039.04,3235,128,49378492416,223246.22222222225,1457651712,711744.0,56666880,32793.333333333336,1618944,101184.0,190528.0,125647.04018573076,79196.08680689722,5520.0,393148.19594561047,44160.0,247803.6777313563,0.1002702449525196,0.19543986,0.9491312
fa2_ragged,4,"[9,29,103,213]","[28,195,320,225]",14,2,64,32.97906666666667,NVIDIA L20,516,16,128,92,2520,864.096,4011,128,289800192,6104.655207280081,6488064,12573.767441860466,1905408,1294.4347826086955,46848,2928.0,2320.0,6452.479265541676,1390.067694698953,56.0,14328.953955202896,448.0,3086.9089496073298,0.0734551480669902,0.14258248,0.94108206
fa3_paged,1,[42],[67],8,2,64,33.2456,NVIDIA H100,4096,16,128,132,1830,3352.32,8820,128,37748736,69.81818181818181,4718592,1152.0,159744,75.63636363636364,19968,1248.0,288.0,149.9333332494362,56.98690609056123,36.0,2473.8999986156973,288.0,940.2839504942602,0.0011475807903152,0.0022237657,0.9377776
fa2_paged,2,"[1,1]","[297,801]",4,1,64,9.450866666666666,NVIDIA L40,512,16,128,142,2490,864.096,5647,128,75153408,1033.6901408450703,540672,1056.0,2920112,1285.2605633802816,21008,1313.0,2502.0,6875.823887304893,1052.1289034398103,18.0,7024.2229640093165,144.0,1074.8367214996624,0.0439257707669516,0.08511633,0.9377308
fa2_paged,6,"[10,24,27,28,39,88]","[120,34,121,171,320,507]",32,2,128,32.3032,NVIDIA L40,512,16,128,142,2490,864.096,5647,128,1150550016,15825.12676056338,8650752,16896.0,6975744,3070.3098591549297,51456,3216.0,13024.0,35791.658796266565,5476.789303916903,96.0,37462.52247471635,768.0,5732.462514664867,0.1967443657162066,0.38088784,0.93595284
fa2_paged,1,[79],[160],6,1,128,14.573,NVIDIA L40,512,16,128,142,2490,864.096,5647,128,147062784,2022.7605633802816,2162688,4224.0,1436160,632.112676056338,21120,1320.0,2720.0,7474.916456222746,1143.8012059777316,40.0,15609.384364465146,320.0,2388.5260477770275,0.0557437480211184,0.10765848,0.9313103
fa2_paged,8,"[5,35,80,99,195,339,585,897]","[279,832,1881,159,249,18945,1473,1593]",20,4,128,1328.1781333333338,NVIDIA A100-SXM4-80GB,2048,16,64,108,1410,2039.04,3235,128,93791453184,424042.6666666667,1544159232,753984.0,105996288,61340.444444444445,1711104,106944.0,358720.0,236564.21237521703,149107.8490267581,5840.0,415939.39571057336,46720.0,262169.1083244784,0.2264300791872475,0.43681413,0.9291347
fa2_paged,12,"[9,13,27,30,41,47,47,49,261,513,681,1305]","[26,48,36,71,333,107,81,207,9345,19713,1497,1545]",12,4,128,2215.1898666666666,NVIDIA L20,516,16,128,92,2520,864.096,4011,128,99526901760,2096539.049544995,1520369664,2946452.8372093025,217211904,147562.4347826087,3305472,206592.0,378144.0,1051709.6204262895,226571.4475621728,5752.0,1471788.2705415543,46016.0,317069.64782395284,0.3755704884780529,0.72427326,0.9284617
fa2_ragged,12,"[9,16,23,25,49,58,78,96,103,544,897,1929]","[25,24,57,147,84,849,477,121,255,609,1152,16641]",4,2,128,1452.6752000000004,NVIDIA A40,1024,16,128,84,1740,696.096,2430,128,68410146816,795318.8571428572,1161363456,1134144.0,147972864,110098.85714285714,2507520,156720.0,257344.0,613471.2914732667,175734.5317322531,4360.0,873063.7815110093,34880.0,250097.20413773152,0.3146469375643398,0.60469294,0.9218142
fa2_paged,16,"[1,1,1,1,1,1,1,1,1,1,1,1,1,1,1,1]","[255,75,81,98,3009,1209,921,1137,3489,20481,435,2304,345,4161,12288,2817]",32,4,128,133.27506666666667,NVIDIA L40,512,16,128,142,2490,864.096,5647,128,1857748992,25552.22535211268,15138816,29568.0,20490688,9018.788732394369,161824,10114.0,56112.0,154203.12948219513,23595.94605508179,456.0,177946.98175490266,3648.0,27229.19694465812,0.0769981823988187,0.14787914,0.92055357
fa2_paged,4,"[5,29,45,171]","[18,128,128,171]",32,2,128,37.52773333333334,NVIDIA L20,516,16,128,92,2520,864.096,4011,128,484442112,10204.796764408497,8650752,16765.023255813954,3112704,2114.608695652174,51456,3216.0,5824.0,16197.947949359794,3489.5492473821987,96.0,24563.921066062103,768.0,5291.843913612565,0.1079074637839107,0.2072299,0.9204407
fa2_paged,8,"[6,24,28,87,117,118,249,777]","[15,243,89,729,945,453,256,19713]",16,4,128,2242.639,NVIDIA L40,512,16,128,142,2490,864.096,5647,128,133359992832,1834286.873239437,1397096448,2728704.0,287251968,126431.32394366198,3009792,188112.0,499328.0,1372218.7809752908,209974.9884479592,5232.0,2041707.4748720413,41856.0,312419.20704923524,0.3284797039894854,0.63056034,0.91963255
fa2_ragged,8,"[5,5,58,93,104,192,351,873]","[9,231,1152,159,1737,17793,351,873]",28,4,128,2015.4262,NVIDIA L20,516,16,128,92,2520,864.096,4011,128,64136675328,1351042.2002022243,1405747200,2724316.279069768,143061504,97188.52173913045,3094272,193392.0,249664.0,694375.7686862918,149590.45729712042,5392.0,1379673.5665438217,43136.0,297225.2331479058,0.2660121502951112,0.5102504,0.91814685
fa2_paged,8,"[27,30,32,118,118,120,357,1521]","[54,102,40,231,18432,3489,6657,2241]",14,2,128,1291.801333333333,NVIDIA A100-SXM4-80GB,2048,16,64,108,1410,2039.04,3235,128,55970365440,253048.88888888888,1327890432,648384.0,63953664,37010.22222222222,1447680,90480.0,215424.0,142065.14520160222,89544.51736379442,4976.0,354403.1563451734,39808.0,223382.4457230488,0.1389279391911024,0.26465058,0.90494853
fa2_paged,4,"[1,1,1,1]","[5,80,363,103]",6,2,128,9.017533333333336,NVIDIA L40,512,16,128,142,2490,864.096,5647,128,75694080,1041.1267605633802,540672,1056.0,2941120,1294.5070422535211,21008,1313.0,2800.0,7694.766940229298,1177.442417918253,20.0,7804.692182232573,160.0,1194.2630238885138,0.0463678016545624,0.08818439,0.9018451
fa2_ragged,2,"[76,83]","[17409,405]",128,8,128,1955.4901333333328,NVIDIA L20,516,16,128,92,2520,864.096,4011,128,96334774272,2029296.728008089,1206779904,2338720.7441860465,208032768,141326.60869565216,2604288,162768.0,361728.0,1006052.7671404568,216735.5202879581,4528.0,1158598.2769492627,36224.0,249598.63792539263,0.4118028854462247,0.7826787,0.9006149
fa2_paged,1,[1],[160],6,1,128,8.420133333333334,NVIDIA L20,516,16,128,92,2520,864.096,4011,128,10813440,227.7856420626896,540672,1047.813953488372,420160,285.4347826086956,21008,1313.0,400.0,1112.4964250933922,239.66684391361247,20.0,5117.483555429606,160.0,1102.4674820026178,0.010735118343651,0.02039989,0.900294
